Date,Spread,wti,Term_Spread,EXR,VIX,KOSPI
2008-01-02,55.552,99.62,0.040000000000000036,938.2,23.17,1853.45
2008-01-09,81.565,95.67,0.25,939.2,24.12,1844.47
2008-01-14,87.588,94.2,0.16000000000000014,936.2,22.9,1765.8799999999999
2008-01-18,102.983,90.57,-0.03000000000000025,945,27.18,1734.72
2008-01-22,113.779,89.85,-0.009999999999999787,946.9,31.01,1609.02
2008-01-31,96.637,91.75,0.1800000000000006,943.9,26.2,1624.6799999999998
2008-02-05,82.495,88.41,0.2599999999999998,942,28.24,1696.57
2008-02-11,77.729,93.59,0.25,942.1,27.6,1640.6699999999998
2008-02-21,64.481,98.23,0.34999999999999964,944.6,25.12,1704.36
2008-02-26,63.782,100.88,0.3100000000000005,947.4,21.9,1709.1299999999999
2008-03-03,62.729,102.45,0.28000000000000025,937.8,26.28,1671.73
2008-03-13,76.897,110.33,0.3800000000000008,967,27.29,1615.62
2008-03-19,84.866,104.48,0.34999999999999964,1019.8,29.84,1622.23
2008-03-24,92.303,100.86,0.34999999999999964,1004.9,25.73,1655.3
2008-04-03,103.995,103.83,0.11999999999999922,977.8,23.21,1763.6299999999999
2008-04-14,119.047,111.76,0.08999999999999986,974.7,23.82,1746.71
2008-04-18,108.973,116.69,0.11000000000000032,988.8,20.13,1771.9
2008-04-23,96.776,118.3,0.1200000000000001,994.6,20.26,1800.79
2008-04-28,93.955,118.75,0.15000000000000036,994.3,19.64,1823.1699999999998
2008-05-09,104.762,125.96,0.2999999999999998,1043.2,19.41,1823.7
2008-05-14,112.376,124.22,0.2999999999999998,1043.8,17.66,1843.75
2008-05-19,124.236,127.05,0.45999999999999996,1042.2,17.01,1885.37
2008-05-27,147.774,128.85,0.6000000000000005,1048.7,19.64,1825.23
2008-06-04,162.433,122.3,0.6399999999999997,1016.6,20.8,1833.81
2008-06-09,189.716,134.35,0.7599999999999998,1022.5,23.12,1808.96
2008-06-10,206.698,131.31,0.7599999999999998,1028.8,23.18,1774.3799999999999
2008-06-11,223.679,136.38,0.71,1028.8,24.12,1781.6699999999998
2008-06-12,240.661,136.74,0.6999999999999993,1027.3,23.33,1739.36
2008-06-13,256.582,134.86,0.6799999999999997,1029.9,21.22,1747.35
2008-06-16,287.893,134.61,0.6500000000000004,1034.6,20.95,1760.82
2008-06-17,302.754,134.01,0.6399999999999997,1040.8,21.13,1750.71
2008-06-19,334.949,131.93,0.6399999999999997,1022.6,21.58,1740.72
2008-06-20,366.788,134.62,0.6600000000000001,1026.4,22.87,1731
2008-06-23,462.66,136.74,0.6999999999999993,1026.7,22.64,1715.59
2008-06-24,486.893,137,0.6799999999999997,1033.4,22.42,1710.84
2008-06-30,480.005,140,0.7000000000000002,1043.4,23.95,1674.92
2008-07-01,423.76,140.97,0.6899999999999995,1043.9,23.65,1666.46
2008-07-02,373.883,143.57,0.7400000000000002,1045.7,25.92,1623.6
2008-07-09,336.219,136.05,0.7800000000000002,1031.7,25.23,1519.3799999999999
2008-07-10,365.937,141.65,0.7699999999999996,1014.7,25.59,1537.43
2008-07-11,380.797,145.08,0.6900000000000004,1000.2,27.49,1567.51
2008-07-14,394.067,145.18,0.6299999999999999,1002,28.48,1558.62
2008-07-24,394.083,125.49,0.5200000000000005,1013.4,23.44,1626.1399999999999
2008-07-30,371.1,126.77,0.5199999999999996,1010,21.21,1577.7
2008-08-01,358.015,125.1,0.47999999999999954,1011.5,22.57,1573.77
2008-08-05,331.136,119.17,0.4500000000000002,1016.9,21.14,1535.54
2008-08-13,306.563,116,0.3899999999999997,1033.4,21.55,1562.72
2008-08-20,298.262,114.98,0.4800000000000004,1047.5,20.42,1540.71
2008-08-26,323.884,116.27,0.5300000000000002,1073.2,20.49,1490.25
2008-09-05,339.502,106.23,0.5099999999999998,1135.7,23.06,1404.3799999999999
2008-09-09,345.345,103.26,0.4800000000000004,1092.6,25.47,1454.5
2008-09-11,361.267,100.87,0.5,1089.7,24.39,1443.24
2008-09-12,378.248,101.18,0.5099999999999998,1106,25.66,1477.92
2008-09-16,424.421,91.15,0.4900000000000002,1108.7,30.3,1387.75
2008-09-19,435.215,104.55,0.54,1146.7,32.07,1455.78
2008-09-23,448.31,106.61,0.5099999999999998,1135.6,35.72,1481.37
2008-09-25,450.703,108.02,0.5,1153.9,32.82,1501.6299999999999
2008-09-30,421.791,100.64,0.3100000000000005,1187.7,39.39,1448.06
2008-10-02,401.63,93.97,0.28000000000000025,1191.2,45.26,1419.6499999999999
2008-10-07,356.005,90.06,0.17999999999999972,1261.9,53.68,1366.1
2008-10-09,341.151,86.59,0.16000000000000014,1372.7,63.92,1294.8899999999999
2008-10-16,313.569,69.85,0.3199999999999994,1236.3,67.61,1213.78
2008-10-20,300.841,74.25,0.3200000000000003,1337.2,52.97,1207.6299999999999
2008-10-24,290.235,64.15,0.3899999999999997,1414.3,79.13,938.75
2008-10-28,287.483,62.73,0.4500000000000002,1432.1,66.96,999.16
2008-11-03,246.741,63.91,0.6200000000000001,1277.1,53.68,1129.08
2008-11-04,235.599,70.53,0.5999999999999996,1283.6,47.73,1153.35
2008-11-05,223.396,65.3,0.5599999999999996,1281.5,54.56,1181.5
2008-11-06,208.187,60.77,0.5300000000000002,1265.9,63.68,1092.22
2008-11-11,179.541,59.33,0.5,1324.5,61.44,1128.73
2008-11-20,157.269,49.62,0.8100000000000005,1449,80.86,948.69
2008-11-25,147.019,50.77,0.9199999999999999,1498.3,60.9,983.3199999999999
2008-12-03,168.966,46.79,0.8399999999999999,1459.4,60.72,1022.6700000000001
2008-12-12,187.552,46.28,0.8599999999999994,1350.2,54.28,1103.82
2008-12-17,183.669,40.06,0.9600000000000004,1357.3,49.84,1169.75
2008-12-22,183.855,39.91,0.8399999999999999,1289.9,44.56,1179.61
2008-12-26,175.726,37.71,0.9300000000000002,1319,43.38,1117.86
2008-12-29,162.995,40.02,0.9300000000000002,1285.9,43.9,1117.59
2009-01-05,134.352,48.81,1.2299999999999995,1320.2,39.08,1173.57
2009-01-16,138.615,36.51,1.79,1372.6,46.11,1135.2
2009-01-21,141.1,43.55,1.9400000000000004,1375.6,46.42,1103.61
2009-02-05,121.881,41.17,2.8299999999999996,1376.2,43.73,1177.8799999999999
2009-02-10,111.242,37.55,2.9299999999999997,1376.2,46.67,1198.87
2009-02-26,93.58,45.22,2.51,1508.2,44.66,1054.79
2009-03-03,93.412,41.65,2.57,1573.6,50.93,1025.57
2009-03-19,97.33,51.61,2.24,1415.4,43.68,1161.81
2009-03-24,96.278,53.98,2.38,1396.3,42.93,1221.7
2009-03-30,100.532,48.41,2.47,1328.9,45.54,1197.46
2009-04-09,88.345,52.24,2.4600000000000004,1346.8,36.53,1316.35
2009-04-14,86.231,49.41,2.54,1332.2,37.67,1342.6299999999999
2009-04-20,87.655,45.88,2.47,1328.1,39.18,1336.3899999999999
2009-04-30,82.19,51.12,2.1600000000000006,1348,36.5,1369.36
2009-05-11,105.732,58.5,2.45,1256,32.87,1415.1599999999999
2009-05-21,120.254,61.05,2.56,1250.2,31.35,1421.6499999999999
2009-05-27,111.242,63.45,2.59,1260.2,32.36,1362.02
2009-06-01,103.115,68.58,2.72,1258.8,30.04,1415.1
2009-06-05,92.686,68.44,2.67,1246.5,29.62,1394.71
2009-06-10,80.135,71.33,2.68,1258.4,28.46,1414.8799999999999
2009-06-15,78.022,70.62,2.1799999999999997,1251.4,30.81,1412.42
2009-06-25,82.638,70.23,2.28,1281,26.36,1392.73
2009-07-01,79.817,69.31,2.15,1277.9,26.22,1411.6599999999999
2009-07-06,80.357,64.05,2.25,1272.2,29,1428.94
2009-07-16,100.362,62.02,2.5,1282.6,25.42,1432.22
2009-07-22,102.493,65.4,2.6100000000000003,1250,23.47,1494.04
2009-07-28,131.512,67.23,2.5599999999999996,1246.4,25.01,1526.03
2009-08-07,141.963,70.93,2.4400000000000004,1222.8,24.76,1576
2009-08-12,141.795,70.16,2.4,1237.7,25.45,1565.35
2009-08-17,128.361,66.75,2.3,1235,27.89,1547.06
2009-08-27,129.616,72.49,2.0300000000000002,1248.1,24.68,1599.33
2009-09-01,120.958,68.05,2.02,1246.9,29.15,1623.06
2009-09-17,103.297,72.47,1.9299999999999997,1211.6,23.65,1695.47
2009-09-22,107.197,71.55,1.9300000000000002,1205.8,23.08,1718.8799999999999
2009-10-08,119.074,71.69,1.7299999999999995,1170.8,24.18,1615.46
2009-10-13,112.539,74.15,1.9499999999999997,1170,22.99,1628.93
2009-10-29,98.946,79.87,1.9300000000000006,1193.6,24.76,1585.85
2009-11-03,88.165,79.6,1.9200000000000004,1188.2,28.81,1549.92
2009-11-19,80.055,77.46,2.1699999999999995,1153.3,22.63,1620.54
2009-11-24,82.01,76.02,2.16,1157.1,20.47,1606.42
2009-11-30,88.917,77.28,2.13,1167.4,24.51,1555.6
2009-12-04,96.92,75.47,2.1099999999999994,1155.7,21.25,1624.76
2009-12-09,110.866,70.67,2.0500000000000003,1154.6,22.66,1634.1699999999998
2009-12-15,104.861,70.69,1.98,1163.6,21.49,1665.85
2009-12-29,98.872,78.87,1.9400000000000004,1169.9,20.01,1672.48
2011-01-06,97.666,88.38,1.79,1125,17.4,2077.61
2011-01-27,99.51,85.64,1.4500000000000002,1118.2,16.15,2115.01
2011-02-17,101.575,86.36,1.4300000000000002,1120.7,16.59,1977.22
2011-03-09,101.2,104.38,1.1799999999999997,1117.4,20.22,2001.47
2011-03-29,98.65,104.79,1.0399999999999996,1114.2,18.16,2072.13
2011-04-19,97.408,108.15,1.0500000000000003,1089.9,15.83,2122.68
2011-06-07,105.068,99.09,0.8300000000000001,1077.5,18.07,2099.71
2011-06-15,104.556,94.81,0.7499999999999996,1083.5,21.32,2086.53
2011-06-20,109.481,93.26,0.7300000000000004,1087.2,19.99,2019.6499999999999
2011-06-22,116.758,95.41,0.7200000000000002,1081.7,18.52,2063.9
2011-06-23,124.034,91.02,0.7100000000000004,1075,19.29,2055.86
2011-06-28,129.812,92.89,0.7199999999999998,1086.7,19.17,2062.9100000000003
2011-07-08,136.165,96.2,0.7199999999999998,1064.3,15.95,2180.3500000000004
2011-07-11,138.04,95.15,0.7099999999999995,1058.4,18.39,2157.16
2011-07-18,141.019,95.93,0.6000000000000005,1057.3,20.95,2130.48
2011-07-21,148.369,99.13,0.6000000000000001,1055.3,17.56,2145.04
2011-07-25,160.643,99.2,0.5600000000000005,1051.2,19.35,2150.48
2011-07-27,166.817,97.4,0.5800000000000005,1052.9,22.98,2174.3100000000004
2011-07-29,172.991,95.7,0.52,1052.6,25.25,2133.21
2011-08-02,187.103,93.79,0.52,1049.5,24.79,2121.27
2011-08-08,200.995,81.31,0.5299999999999998,1069.4,48,1869.45
2011-08-09,206.286,79.3,0.5700000000000003,1073.5,35.06,1801.35
2011-08-16,162.194,86.65,0.48,1078.7,32.85,1879.87
2011-08-18,157.124,82.38,0.45999999999999996,1072.7,42.67,1860.58
2011-09-26,153.059,80.24,0.4099999999999997,1186,39.02,1652.71
2011-09-28,147.548,81.21,0.41999999999999993,1179.7,41.08,1723.08
2011-10-05,155.598,79.68,0.3299999999999996,1199.5,37.81,1666.52
2011-10-12,159.275,85.57,0.3799999999999999,1164.2,31.26,1809.5
2011-10-20,156.485,85.3,0.41000000000000014,1137.7,34.78,1805.09
2011-10-28,161.264,93.32,0.41000000000000014,1124.5,24.53,1929.48
2011-11-04,152.08,94.26,0.3500000000000001,1131.5,30.16,1928.41
2011-11-09,146.019,95.74,0.3299999999999996,1116.3,36.16,1907.53
2011-11-14,140.399,98.14,0.4099999999999997,1127.3,31.13,1902.81
2011-11-21,135.771,96.92,0.41999999999999993,1136.4,32.91,1820.03
2011-12-02,134.893,100.96,0.3999999999999999,1127.2,27.52,1916.04
2011-12-12,126.739,97.77,0.41000000000000014,1142.3,25.67,1899.76
2011-12-16,121.229,93.53,0.41999999999999993,1161.4,24.29,1839.96
2011-12-23,116.528,99.68,0.4299999999999997,1156.2,20.73,1867.22
2012-01-11,122.707,100.87,0.3999999999999999,1156.2,21.05,1845.55
2012-02-01,133.591,97.61,0.3799999999999999,1125.8,18.55,1959.24
2012-02-08,141.443,98.71,0.4099999999999997,1121.5,18.16,2003.73
2012-02-15,141.974,101.8,0.41000000000000014,1123.6,21.14,2025.32
2012-02-21,140.506,105.84,0.41999999999999993,1122.7,18.19,2024.24
2012-02-23,134.922,107.83,0.41000000000000014,1126.3,16.8,2007.8
2012-03-26,119.5,107.03,0.5,1133.8,14.26,2019.1899999999998
2012-04-04,118.18,101.47,0.5,1123.4,16.44,2018.61
2012-04-25,104.004,104.12,0.4299999999999997,1141.2,16.82,1961.98
2012-05-02,99.45,105.22,0.3899999999999997,1131.6,16.88,1999.07
2012-05-07,86.223,97.94,0.3700000000000001,1131.5,18.94,1956.44
2012-05-11,79.72,96.13,0.3900000000000001,1142.5,19.89,1917.1299999999999
2012-05-14,76.01,94.78,0.3799999999999999,1145.2,21.87,1913.73
2012-05-23,83.803,89.9,0.3700000000000001,1163.9,22.33,1808.62
2012-05-31,82.189,86.53,0.3799999999999999,1177.8,24.06,1843.47
2012-06-14,70.582,83.91,0.3500000000000001,1167.8,21.68,1871.48
2012-07-03,62.388,87.66,0.28000000000000025,1143.7,16.66,1867.82
2012-07-13,61.7,87.1,0.2999999999999998,1145.8,16.74,1812.8899999999999
2012-07-23,63.174,88.14,0.2400000000000002,1140.7,18.62,1789.44
2012-08-03,64.721,91.4,0.2599999999999998,1130.4,15.64,1848.6799999999998
2012-08-14,65.459,93.43,0.25,1131.2,14.85,1956.96
2012-08-24,67.3,96.15,0.22999999999999998,1130.8,15.18,1919.81
2012-09-04,69.361,95.3,0.20999999999999996,1131.8,17.98,1907.1299999999999
2012-09-14,67.307,99,0.18999999999999995,1127.8,14.51,2007.58
2012-09-25,66.576,91.37,0.18000000000000016,1119.8,15.43,1991.41
2012-10-04,69.21,91.71,0.15000000000000036,1112.7,14.55,1992.6799999999998
2012-10-11,73.71,92.07,0.1200000000000001,1114.3,15.59,1933.09
2012-10-18,80.106,92.1,0.16000000000000014,1105,15.03,1959.12
2012-10-26,80.844,86.28,0.20000000000000018,1101.4,17.81,1891.43
2012-11-05,74.072,85.65,0.1900000000000004,1091.2,18.42,1908.22
2012-11-15,69.901,85.45,0.20000000000000018,1087.3,17.99,1870.72
2012-12-03,76.374,89.09,0.20999999999999996,1083.2,16.64,1940.02
2012-12-07,81.667,85.93,0.28000000000000025,1082.7,15.9,1957.45
2013-01-04,89.724,93.09,0.4099999999999997,1063.8,13.83,2011.94
2013-01-23,84.402,95.23,0.2999999999999998,1064.4,12.46,1980.41
2013-02-19,79.194,96.66,0.36999999999999966,1082.6,12.31,1985.83
2013-02-27,72.964,92.76,0.31000000000000005,1088,14.73,2004.04
2013-03-04,72.216,90.12,0.31000000000000005,1081.9,14.01,2013.1499999999999
2013-03-11,76.041,92.06,0.3599999999999999,1090.3,11.56,2003.35
2013-03-19,71.707,92.16,0.29000000000000004,1114.8,14.39,1978.56
2013-03-26,66.183,96.34,0.29000000000000004,1112.5,12.77,1983.7
2013-04-05,62.968,92.7,0.2899999999999996,1123.8,13.92,1927.23
2013-04-15,62.383,88.71,0.3200000000000003,1131.1,17.27,1920.45
2013-04-26,59.374,93,0.21999999999999975,1113.9,13.61,1944.56
2013-05-06,58.275,96.16,0.18000000000000016,1099.9,12.66,1961.48
2013-05-16,59.675,95.16,0.3400000000000003,1113.6,13.07,1986.81
2013-06-04,69.015,93.31,0.48999999999999977,1128.1,16.27,1989.51
2013-06-14,71.15,97.85,0.6200000000000001,1134.8,17.15,1889.24
2013-06-25,71.447,95.32,0.8500000000000001,1157.1,18.47,1780.6299999999999
2013-07-05,69.099,103.22,0.8300000000000001,1140.2,14.89,1833.31
2013-07-16,65.722,106,0.79,1122.6,14.42,1866.36
2013-07-26,63.815,104.7,0.8199999999999998,1117.3,12.72,1910.81
2013-08-06,62.716,105.3,0.8500000000000001,1116.3,12.72,1906.62
2013-08-16,62.867,107.46,1,1119.5,14.37,1920.11
2013-08-27,63.459,109.01,1,1113,16.77,1885.84
2013-09-06,60.229,110.53,0.9699999999999998,1093.8,15.85,1955.31
2013-09-17,58.248,105.42,0.8300000000000001,1082.2,14.53,2005.58
2013-09-27,56.267,102.87,0.79,1074.4,15.46,2011.8
2013-10-08,55.536,103.49,0.79,1070.5,20.34,2002.76
2013-10-18,53.629,100.81,0.79,1064.4,13.04,2052.4
2013-10-29,52.677,98.2,0.7369999999999997,1061.4,13.41,2051.7599999999998
2013-11-08,54.665,94.6,0.806,1060.7,12.9,1984.87
2013-11-19,58.27,93.34,0.9290000000000003,1060.7,13.39,2031.6399999999999
2013-11-29,52.982,92.72,0.9500000000000002,1062.1,13.7,2044.87
2013-12-10,51.002,98.51,1.0030000000000001,1053.1,13.91,1993.45
2013-12-20,53.224,99.32,0.9619999999999997,1058.1,13.79,1983.35
2014-01-09,59.978,91.66,1.0190000000000001,1066,12.89,1946.11
2014-02-20,51.541,102.92,0.8529999999999998,1067.1,14.79,1930.57
2014-03-13,56.178,98.2,0.875,1069.2,16.22,1934.3799999999999
2014-04-08,64.565,102.56,0.8919999999999999,1053.4,14.89,1993.03
2014-04-29,56.532,101.28,0.8679999999999999,1037.1,13.71,1964.77
2014-05-07,55.653,100.77,0.8260000000000001,1031.2,13.4,1939.8799999999999
2014-05-27,52.75,104.11,0.7290000000000001,1023.9,11.51,1997.6299999999999
2014-06-17,50.112,106.36,0.71,1019.5,12.06,2001.55
2014-07-08,48.282,103.4,0.5959999999999996,1009.9,11.98,2006.6599999999999
2014-07-30,50.641,100.27,0.6100000000000003,1024.7,13.33,2082.61
2014-08-20,52.779,96.07,0.7399999999999998,1018,11.78,2072.7799999999997
2014-09-12,65.722,92.27,0.726,1034.4,13.31,2041.86
2014-10-01,68.595,90.73,0.657,1054.7,16.71,1991.54
2014-10-17,75.949,82.75,0.6019999999999999,1059.9,21.99,1900.6599999999999
2014-11-05,65.153,78.68,0.5950000000000002,1079.9,14.17,1931.43
2014-11-26,57.223,73.69,0.621,1112.8,12.07,1980.84
2014-12-18,58.443,54.11,0.6230000000000002,1088.1,16.81,1897.5
2016-01-04,61.833,36.76,0.43400000000000016,1172,20.7,1918.76
2016-01-05,63.814,35.97,0.45499999999999985,1184.3,19.34,1930.53
2016-01-27,69.991,32.3,0.43899999999999983,1201.4,23.11,1897.87
2016-01-28,71.481,33.22,0.4359999999999997,1201,22.42,1906.94
2016-02-04,69.366,31.72,0.373,1216.7,21.84,1916.26
2016-02-11,63.531,26.21,0.31499999999999995,1195.1,28.14,1861.54
2016-02-16,60.277,29.04,0.35399999999999987,1209.9,24.11,1888.3
2016-02-22,58.976,31.48,0.3620000000000001,1233.9,19.38,1916.36
2016-02-29,63.106,33.75,0.32299999999999995,1235.4,20.55,1916.6599999999999
2016-03-03,64.167,34.57,0.3800000000000001,1232.7,16.7,1958.1699999999998
2016-03-10,63.708,37.84,0.377,1214.5,18.05,1969.33
2016-03-16,61.432,38.46,0.373,1189.2,14.99,1974.9
2016-03-24,62.093,39.46,0.3250000000000002,1158.8,14.74,1985.97
2016-04-01,61.904,36.79,0.31299999999999994,1144.5,13.1,1973.57
2016-04-15,58.58,40.36,0.3340000000000001,1153.4,13.62,2014.71
2016-04-20,56.705,42.63,0.30300000000000016,1140.5,13.28,2005.83
2016-04-25,56.061,42.64,0.33199999999999985,1141.1,14.08,2014.55
2016-05-02,60.277,44.78,0.31599999999999984,1138.1,14.68,1978.1499999999999
2016-05-09,56.797,43.44,0.32099999999999995,1153.5,14.57,1967.81
2016-05-16,52.992,47.72,0.30899999999999994,1169.4,14.68,1967.91
2016-05-18,51.223,48.19,0.31099999999999994,1173.3,15.95,1956.73
2016-05-19,49.172,48.16,0.32099999999999995,1180.9,16.33,1946.78
2016-05-20,46.979,47.75,0.30899999999999994,1190.8,15.2,1947.6699999999998
2016-05-24,44.339,48.62,0.2799999999999998,1183.1,14.42,1937.6799999999998
2016-06-01,45.164,49.01,0.2939999999999998,1190.5,14.2,1982.72
2016-06-07,45.093,50.36,0.27900000000000014,1186.5,14.05,2011.6299999999999
2016-06-14,40.225,48.49,0.2889999999999999,1172.8,20.5,1972.03
2016-06-21,39.175,48.85,0.248,1163.2,18.48,1982.7
2016-06-28,38.315,47.85,0.19999999999999996,1183.3,18.75,1936.22
2016-07-12,36.299,46.8,0.1299999999999999,1147.8,13.55,1991.23
2016-07-20,35.945,44.94,0.15599999999999992,1138.4,11.77,2015.46
2016-07-28,35.804,41.14,0.1060000000000001,1134.1,12.72,2021.1
2016-08-05,35.969,41.8,0.1409999999999998,1113.8,11.39,2017.94
2016-08-11,36.558,43.49,0.14300000000000002,1096.1,11.68,2048.8
2016-08-17,40.048,46.79,0.17100000000000004,1095,12.19,2043.75
2016-08-22,44.433,47.05,0.16700000000000004,1115.2,12.27,2042.1599999999999
2016-08-25,47.05,47.33,0.1499999999999999,1121.6,13.63,2042.92
2016-09-02,46.414,44.44,0.20599999999999996,1119.3,11.98,2038.31
2016-09-07,42.594,45.5,0.16700000000000004,1105,11.94,2061.88
2016-09-08,40.897,47.62,0.17100000000000004,1093.2,12.51,2063.73
2016-09-30,39.482,48.24,0.09299999999999997,1096.3,13.29,2043.6299999999999
2016-10-24,42.311,50.52,0.21900000000000008,1134.5,13.02,2047.74
2016-11-01,41.297,46.67,0.30200000000000005,1144.6,18.56,2007.3899999999999
2016-11-09,40.472,45.27,0.27300000000000013,1137.5,14.38,1958.3799999999999
2016-11-17,41.957,45.42,0.5499999999999998,1167.2,13.35,1980.55
2016-11-23,41.462,47.96,0.5509999999999997,1175.5,12.43,1987.95
2016-11-30,46.201,49.44,0.548,1168.5,13.33,1983.48
2016-12-06,47.347,50.93,0.6119999999999999,1173.8,11.79,1989.86
2016-12-09,49.172,51.5,0.6209999999999998,1159.1,11.75,2024.6899999999998
2016-12-12,52.992,52.83,0.687,1166.2,12.64,2027.24
2016-12-15,55.411,50.9,0.6270000000000002,1168.3,12.79,2036.6499999999999
2016-12-21,53.911,52.49,0.5469999999999999,1191.2,11.27,2037.96
2017-01-03,53.11,52.33,0.5249999999999999,1207.8,12.85,2043.97
2017-01-11,53.84,52.25,0.623,1198.7,11.26,2075.17
2017-01-19,52.544,51.37,0.6799999999999999,1165.6,12.78,2072.79
2017-01-25,50.61,52.75,0.6499999999999999,1163.6,10.81,2066.94
2017-02-10,48.818,53.86,0.6859999999999997,1145.7,10.85,2075.08
2017-02-13,51.542,52.93,0.6869999999999998,1151.4,11.07,2078.65
2017-02-16,54.713,53.36,0.685,1141.6,11.76,2081.84
2017-02-22,55.373,53.59,0.774,1146.8,11.74,2106.61
2017-03-02,53.534,52.61,0.7440000000000002,1132.3,11.81,2102.65
2017-03-08,54.76,50.28,0.79,1151.2,11.86,2095.4100000000003
2017-03-14,59.287,47.72,0.798,1147.7,12.3,2133.7799999999997
2017-03-27,60.419,47.73,0.6819999999999999,1122.7,12.5,2155.66
2017-03-28,59.287,48.37,0.6890000000000001,1114.2,11.53,2163.3100000000004
2017-04-05,66.36,51.15,0.6859999999999999,1118.9,12.89,2160.8500000000004
2017-04-19,70.981,50.44,0.6840000000000002,1137.9,14.93,2138.4
2017-04-20,72.386,50.27,0.679,1139.8,14.15,2149.15
2017-04-27,69.967,49.31,0.7240000000000002,1125.1,10.36,2209.46
2017-05-04,69.119,45.9,0.7479999999999998,1130.7,10.46,2241.24
2017-05-12,70.062,48.17,0.8270000000000002,1130.4,10.4,2286.02
2017-05-25,68.411,49.14,0.778,1126.6,9.99,2342.9300000000003
2017-05-31,62.682,48.56,0.7649999999999999,1123.9,10.41,2347.38
2017-06-01,61.197,48.6,0.7520000000000002,1121.8,9.89,2344.61
2017-06-02,59.57,47.87,0.752,1120.4,9.75,2371.72
2017-06-07,55.807,45.72,0.7080000000000002,1118.4,10.39,2360.14
2017-06-12,54.571,46.08,0.754,1121.6,11.46,2357.8700000000003
2017-06-22,50.799,42.97,0.6669999999999998,1142.2,10.48,2370.3700000000003
2017-06-27,49.384,44.49,0.6519999999999999,1135.2,11.06,2391.9500000000003
2017-07-03,46.06,47.29,0.7609999999999999,1144,11.22,2394.48
2017-07-05,42.028,45.34,0.7990000000000002,1149.3,11.07,2388.3500000000004
2017-07-07,39.836,44.39,0.8419999999999999,1153.5,11.19,2379.8700000000003
2017-07-12,38.869,45.66,0.7989999999999997,1150.1,10.3,2391.77
2017-07-18,40.802,46.59,0.7929999999999997,1128.2,9.89,2426.04
2017-07-21,42.736,45.95,0.7629999999999999,1124.9,9.36,2450.06
2017-07-24,44.669,46.51,0.7640000000000002,1121.2,9.43,2451.53
2017-07-27,47.05,49.17,0.7719999999999998,1120.3,10.11,2443.24
2017-08-01,49.762,49.29,0.815,1121.9,10.09,2422.96
2017-08-07,48.5,49.57,0.8420000000000001,1125.4,9.93,2398.75
2017-08-17,44.858,47.09,0.8319999999999999,1139.6,15.55,2361.67
2017-08-24,42.509,47.43,0.796,1130.9,12.23,2375.84
2017-08-28,45.659,46.57,0.7709999999999999,1129.2,11.32,2370.3
2017-09-05,49.196,48.66,0.8320000000000001,1131.5,12.23,2326.62
2017-09-11,47.262,48.07,0.7789999999999999,1126.8,10.73,2359.08
2017-09-15,45.565,49.89,0.7840000000000003,1132.5,10.17,2386.07
2017-09-21,43.797,50.55,0.8009999999999997,1129.1,9.67,2406.5
2017-09-27,41.604,52.43,0.827,1136.3,9.87,2372.57
2017-09-29,39.623,51.95,0.8500000000000001,1146.7,9.51,2394.4700000000003
2017-10-30,38.68,54.37,0.768,1130,10.5,2501.9300000000003
2017-11-08,43.018,57.05,0.7849999999999999,1111.6,9.78,2552.4
2017-11-22,42.806,58.02,0.7289999999999999,1097.3,9.88,2540.51
2017-11-28,38.492,58.05,0.671,1087.6,10.03,2514.19
2017-12-11,36.723,58.05,0.6700000000000002,1093.4,9.34,2471.4900000000002
2017-12-19,36.747,57.56,0.6100000000000001,1089.1,10.03,2478.53
2017-12-27,35.639,59.69,0.6139999999999999,1077.1,10.47,2436.67
2018-01-02,35.981,60.38,0.6379999999999999,1071.4,9.77,2479.65
2018-01-09,33.658,62.87,0.74,1065.2,10.08,2510.23
2018-01-17,33.47,63.92,0.784,1064,11.91,2515.4300000000003
2018-01-24,32.918,65.36,0.8130000000000002,1069.7,11.47,2538
2018-01-31,34.719,64.56,0.9100000000000001,1071.5,13.54,2566.46
2018-02-08,35.191,60.94,0.8990000000000002,1083.3,33.46,2407.62
2018-02-23,36.264,63.41,0.9419999999999997,1082.9,16.49,2451.52
2018-03-07,37.03,61.02,0.8649999999999998,1075.4,17.76,2401.82
2018-03-12,35.203,61.33,0.8889999999999998,1069.2,15.78,2484.12
2018-04-06,33.788,62.1,0.7510000000000001,1059.5,21.49,2429.58
2018-04-10,31.631,65.44,0.7509999999999999,1067.5,20.47,2450.74
2018-04-23,28.023,68.47,0.8350000000000002,1067.3,16.34,2474.11
2018-05-08,25.371,68.97,0.8779999999999999,1076.7,14.71,2449.8100000000004
2018-05-14,23.44,70.99,0.863,1068.6,12.93,2476.11
2018-05-21,22.459,72.35,0.8900000000000001,1080,13.08,2465.57
2018-06-08,27.127,65.67,0.8719999999999999,1067.9,12.18,2451.58
2018-07-05,27.74,70.63,0.722,1115.3,14.97,2257.55
2018-07-11,29.179,68.86,0.7050000000000001,1113.8,13.63,2280.62
2018-07-19,29.744,68.24,0.6990000000000001,1128.9,12.87,2282.29
2018-07-26,29.862,68.43,0.7119999999999997,1127.5,12.14,2289.06
2018-08-01,27.363,66.5,0.712,1117.9,13.15,2307.07
2018-08-07,26.161,68.33,0.698,1123.5,10.93,2300.16
2018-08-23,25.996,67.53,0.6040000000000001,1118.7,12.41,2282.6
2018-08-28,25.43,68.22,0.5610000000000002,1114.3,12.5,2303.12
2018-09-07,22.742,67.55,0.5099999999999998,1121.2,14.88,2281.58
2018-09-10,24.911,67.41,0.498,1123.1,14.16,2288.66
2018-10-17,26.326,69.7,0.4710000000000001,1128.1,17.4,2167.51
2018-10-22,28.094,69.36,0.48799999999999977,1134.3,19.64,2161.71
2018-10-29,27.571,67.21,0.3639999999999999,1140.6,24.7,1996.05
2018-11-15,22.471,56.68,0.3839999999999999,1132.4,19.98,2088.06
2018-11-30,21.139,51.09,0.2759999999999998,1121.8,18.07,2096.86
2018-12-07,20.691,52.81,0.18400000000000016,1117.8,23.23,2075.7599999999998
2018-12-14,19.146,51.47,0.24199999999999977,1124,21.63,2069.38
2018-12-18,17.272,46.6,0.2300000000000002,1131.6,25.58,2062.11
2018-12-28,14.33,45.6,0.19999999999999996,1121.3,28.34,2041.04
2020-01-13,14.647,58.08,0.401,1161.1,12.32,2229.2599999999998
2020-01-17,16.437,58.58,0.40000000000000013,1159.6,12.1,2250.57
2020-02-04,16.213,49.8,0.35599999999999987,1196,16.05,2157.9
2020-02-11,22.232,50.17,0.361,1189.8,15.18,2223.12
2020-02-18,26.521,52.29,0.32299999999999995,1182.2,14.83,2208.88
2020-02-19,28.736,53.49,0.32199999999999984,1188.1,14.38,2210.34
2020-02-20,30.48,53.88,0.30599999999999983,1190.8,15.56,2195.5
2020-02-21,34.534,53.5,0.27500000000000013,1197,17.08,2162.84
2020-02-28,39.695,44.94,0.21999999999999997,1215.9,40.11,1987.01
2020-03-06,38.445,41.51,0.3190000000000002,1185,41.94,2040.22
2020-03-10,37.077,34.73,0.32200000000000006,1201.4,47.3,1962.93
2020-03-12,35.592,31.98,0.365,1192.8,75.47,1834.33
2020-03-13,33.471,32.11,0.4970000000000001,1202,57.83,1771.44
2020-03-17,28.875,27.33,0.4600000000000001,1219.6,75.91,1672.44
2020-03-23,27.238,25.48,0.677,1254.1,61.59,1482.46
2020-04-02,30.146,28.05,0.559,1222.2,50.91,1724.86
2020-04-14,28.377,27.4,0.593,1218.7,37.76,1857.08
2020-04-16,26.679,25.53,0.543,1216.7,40.11,1857.07
2020-04-17,25.053,25.03,0.5589999999999999,1227.5,38.15,1914.53
2020-04-23,21.729,21.44,0.6609999999999999,1235.2,41.38,1914.73
2020-04-27,19.678,18.08,0.6980000000000001,1235.8,33.29,1922.77
2020-06-11,16.892,36.57,0.665,1194.4,40.79,2176.7799999999997
2020-07-02,14.604,40.76,0.676,1201.6,27.68,2135.3700000000003
2020-07-22,15.483,42.04,0.666,1198.1,24.32,2228.66
2020-07-27,17.735,41.8,0.633,1201.3,24.74,2217.86
2020-08-03,19.384,41.31,0.651,1189.1,24.28,2251.04
2020-08-13,17.71,42.52,0.6950000000000001,1186,22.13,2437.53
2020-08-24,17.968,42.93,0.7079999999999999,1185.3,22.37,2329.8300000000004
2020-08-31,17.896,42.9,0.794,1185.1,26.41,2326.17
2020-09-03,15.987,41.72,0.803,1186.2,33.6,2395.9
2020-09-10,14.195,37.66,0.8089999999999999,1189.6,29.71,2396.48
2020-09-21,13.534,39.54,0.7940000000000002,1163.6,27.78,2389.3900000000003
2020-10-12,14.616,39.73,0.863,1156.2,25.07,2403.73
2020-10-21,15.734,40.31,0.837,1139.7,28.65,2370.86
2020-10-29,17.748,36.51,0.8489999999999999,1129.3,37.59,2326.67
2020-11-09,17.629,40.62,0.8740000000000001,1124.4,25.75,2447.2
2020-11-18,15.554,42.01,0.9090000000000001,1106.8,23.84,2545.64
2020-12-09,14.986,45.72,0.946,1084.4,22.27,2755.4700000000003
2020-12-30,14.583,48.5,0.9720000000000001,1093.2,22.77,2873.4700000000003
2021-01-21,12.365,53.05,1.024,1100,21.32,3160.84
2021-03-04,10.216,63.62,1.2999999999999998,1122.9,28.57,3043.4900000000002
2021-03-15,10.097,65.44,1.4610000000000003,1130.7,20.03,3045.71
2021-03-25,10.496,58.57,1.286,1133.5,19.81,3008.3300000000004
2021-04-05,10.613,58.68,1.3969999999999998,1127.5,17.91,3120.8300000000004
2021-04-15,10.117,63.51,1.362,1119.9,16.57,3194.3300000000004
2021-04-26,9.809,61.8,1.447,1118.9,17.64,3217.53
2021-05-06,9.384,64.67,1.4749999999999999,1121.1,18.39,3178.74
2021-05-14,10.208,65.36,1.549,1130.6,18.81,3153.32
2021-06-02,12.869,68.63,1.5699999999999998,1107,17.48,3224.23
2021-06-23,11.052,72.36,1.172,1132.4,16.32,3276.19
2021-07-14,12.699,72.64,1.158,1145.1,16.33,3264.8100000000004
2021-08-04,14.016,67.79,0.9220000000000002,1150.7,17.97,3280.38
2021-08-25,16.654,68.06,0.8859999999999999,1168,16.79,3146.8100000000004
2021-09-03,18.632,69.07,0.9000000000000001,1159.7,16.41,3201.06
2021-09-29,25.205,74.5,1.1229999999999998,1182,22.56,3060.27
2021-10-19,22.021,82.44,1.222,1185.8,15.7,3029.04
2021-10-26,24.141,83.36,1.2409999999999999,1171.8,15.98,3049.08
2021-11-03,28.147,79.57,1.0320000000000003,1175.5,15.1,2975.71
2021-11-05,30.928,80.13,0.9530000000000001,1180,16.48,2969.27
2021-11-10,34.887,80.06,0.9890000000000001,1178.4,18.73,2930.17
2021-11-17,38.351,77.55,1.061,1179.6,17.11,2962.42
2021-11-29,41.295,69.62,0.9690000000000001,1193,22.96,2909.32
2021-12-09,40.314,70.79,0.8660000000000001,1176.4,21.58,3029.57
2021-12-13,42.896,71.06,0.841,1178.2,20.31,3001.66
2021-12-27,46.289,75.18,0.8849999999999998,1186.4,17.68,2999.55
2022-01-03,50.153,75.85,0.9620000000000002,1185.5,16.6,2988.77
2022-01-04,48.779,76.74,0.9499999999999997,1190.8,16.91,2989.24
2022-01-10,46.523,77.7,1.067,1202.4,19.4,2926.72
2022-01-12,44.495,82.02,1.024,1195.2,17.62,2972.48
2022-01-14,42.798,83.3,1.0219999999999998,1188.2,19.19,2921.92
2022-01-18,39.404,84.83,1.105,1192.3,22.79,2864.24
2022-01-21,37.707,84.14,1.097,1190.4,28.85,2834.29
2022-01-25,35.939,84.37,1.123,1194.2,31.16,2720.3900000000003
2022-01-28,33.676,85.43,1.1229999999999998,1202.4,27.66,2663.34
2022-02-22,25.966,91.91,1.225,1194.6,28.81,2706.79
2022-02-28,25.824,93.5,1.172,1202.7,30.15,2699.18
2022-03-02,31.339,107.06,1.126,1205.6,30.74,2703.52
2022-03-03,32.894,104.61,1.1360000000000001,1205,30.48,2747.08
2022-03-04,34.662,112.11,1.155,1203.6,31.98,2713.4300000000003
2022-03-07,43.358,115.8,1.192,1211.5,36.45,2651.3100000000004
2022-03-08,45.055,119.65,1.215,1225.4,35.13,2622.4
2022-03-10,50.287,102.99,1.222,1234.5,30.23,2680.32
2022-03-14,52.643,101.18,1.1789999999999998,1232.4,31.77,2645.65
2022-03-18,55.094,103.09,1.2260000000000002,1220.6,23.87,2707.02
2022-03-24,57.186,109.43,1.263,1212.7,21.67,2729.66
2022-03-29,59.264,102.05,1.17,1225.7,18.9,2741.07
2022-03-31,61.244,98.52,1.154,1210.8,20.56,2757.65
2022-04-04,63.577,101.84,1.2209999999999999,1216.1,18.57,2757.9
2022-04-07,65.132,95.51,1.116,1219.1,21.55,2695.86
2022-04-12,61.36,100.15,1.089,1232,24.26,2666.7599999999998
2022-04-13,58.485,103.79,1.1349999999999998,1236.6,21.82,2716.4900000000002
2022-04-14,57.495,106.38,1.1440000000000001,1227.7,22.7,2716.71
2022-04-21,49.186,102.96,1.3049999999999997,1237.1,22.68,2728.21
2022-04-28,47.359,103.47,1.206,1263.1,29.99,2667.4900000000002
2022-05-02,46.569,103.42,1.3679999999999999,1265.4,32.34,2687.4500000000003
2022-05-09,48.677,101.77,1.425,1272.7,34.75,2610.8100000000004
2022-05-17,50.986,109.63,1.2469999999999999,1281.6,26.1,2620.44
2022-05-25,49.618,107.75,1.0859999999999999,1264.3,28.37,2617.22
2022-05-30,45.894,117.61,1.08,1256.9,26.54,2669.66
2022-05-31,43.985,111.91,1.1630000000000003,1245.8,26.19,2685.9
2022-06-02,41.722,114.3,1.2399999999999998,1238.4,24.72,2658.9900000000002
2022-06-03,39.954,116.23,1.2249999999999996,1251.2,24.79,2670.65
2022-06-10,36.446,118.12,1.205,1257.6,27.75,2595.8700000000003
2022-06-28,36.416,108.89,0.802,1285.6,28.36,2422.09
2022-07-07,38.642,99.25,0.387,1307.4,26.08,2334.27
2022-07-18,37.206,99.42,0.274,1323.7,25.3,2375.25
2022-07-25,38.676,94.42,0.28200000000000003,1311.7,23.36,2403.69
2022-08-02,39.83,93.22,0.19700000000000006,1306.4,23.93,2439.62
2022-08-23,40.793,93.25,0.371,1338.2,24.11,2435.34
2022-09-15,36.973,84.65,0.5629999999999997,1391.7,26.27,2401.8300000000004
2022-09-19,35.275,85.36,0.6000000000000001,1394.2,25.76,2355.66
2022-09-23,33.342,78.25,0.77,1408,29.92,2290
2022-09-28,31.503,81.24,0.8439999999999999,1427.2,30.18,2169.29
2022-10-13,27.071,87.95,0.6959999999999997,1430.4,31.94,2162.8700000000003
2022-11-03,22.543,87.18,0.29600000000000026,1418,25.3,2329.17
2022-11-07,20.917,90.73,0.32799999999999985,1422.4,24.35,2371.79
2022-11-23,24.167,78.07,-0.06599999999999984,1355.7,20.35,2418.01
2022-11-29,27.49,78.28,-0.08000000000000007,1339,21.89,2433.3900000000003
2022-11-30,26.783,80.66,-0.058000000000000274,1331.5,20.58,2472.53
2022-12-07,25.368,72.28,-0.13599999999999968,1309,22.68,2382.8100000000004
2022-12-14,23.788,77.31,-0.21599999999999975,1304.4,21.14,2399.25
2022-12-22,25.177,77.42,-0.2469999999999999,1286.6,21.97,2356.73
2022-12-26,27.416,80.97,-0.15500000000000025,1282.2,20.87,2317.14
2022-12-29,29.607,78.5,-0.051000000000000156,1268.4,21.44,2236.4
2023-01-04,31.622,73.1,-0.07200000000000006,1272.1,22.01,2255.98
2023-01-11,33.071,77.68,-0.15400000000000036,1240.8,21.09,2359.53
2023-01-19,36.628,80.61,-0.31000000000000005,1239.8,20.52,2380.34
2023-01-25,33.988,80.44,-0.30600000000000005,1234.4,19.08,2428.57
2023-01-27,32.291,79.96,-0.22299999999999986,1231.4,18.51,2484.02
2023-02-03,28.826,73.74,-0.2519999999999998,1219.3,18.33,2480.4
2023-02-06,26.398,74.47,-0.17600000000000016,1227.2,19.43,2438.19
2023-02-10,24.017,79.92,-0.08599999999999985,1263.1,20.53,2469.73
2023-02-16,22.107,78.74,-0.06400000000000006,1279.3,20.17,2475.48
2023-02-23,20.504,75.6,-0.006999999999999673,1303.8,21.14,2439.09
2023-03-03,19.395,79.79,0.06899999999999995,1310.4,18.49,2432.07
2023-03-13,20.172,74.91,-0.133,1325.7,26.52,2410.6
2023-03-24,21.702,69.41,-0.07500000000000018,1287.2,21.74,2414.96
2023-04-19,25.164,79.24,0.133,1318.8,16.46,2575.08
2023-05-17,30.016,72.89,-0.09699999999999998,1336,16.87,2494.66
2023-05-24,32.278,74.29,0.03799999999999981,1311.4,20.03,2567.4500000000003
2023-06-12,33.03,67.29,0.08400000000000007,1294.9,15.01,2629.3500000000004
2023-07-04,28.059,71.06,0.06100000000000039,1310,13.7,2593.3100000000004
2023-07-14,29.184,75.32,0.09299999999999997,1276.2,13.34,2628.3
2023-07-25,29.372,79.2,0.133,1283.8,13.86,2636.46
2023-08-04,29.512,82.27,0.37799999999999967,1298.8,17.1,2602.8
2023-08-25,29.887,79.49,0.3959999999999999,1324,15.68,2519.14
2023-09-05,31.064,86.01,0.3580000000000001,1319.3,14.01,2582.18
2023-09-12,29.295,88.16,0.34299999999999997,1332.4,14.23,2536.58
2023-10-04,25.701,82.55,0.5939999999999999,1351.3,18.58,2405.69
2023-10-13,24.272,86.35,0.4409999999999994,1339.9,19.32,2456.15
2023-10-24,25.048,82.97,0.5310000000000001,1353.2,18.97,2383.51
2023-11-02,26.32,82.16,0.4810000000000003,1356.9,15.66,2343.12
2023-11-10,27.073,77.15,0.20399999999999974,1309,14.17,2409.66
2023-11-21,26.601,77.92,0.01100000000000012,1292.4,13.35,2510.42
2023-12-11,28.861,71.56,-0.009000000000000341,1307.9,12.63,2525.36
2023-12-21,30.533,74.06,-0.15700000000000003,1300.2,13.65,2600.02
2023-12-28,30.98,71.97,-0.25100000000000033,1294.4,12.47,2655.2799999999997
